gdpgrowth,tfpgrowth,gdp,tfp,sexratio,maleyoung,femaleyoung,totalyoung,logfertilityrate,loglifeexpectancy,gcratio,inflation,ruleoflaw,vanda,vandasquared,country,year,femaleschooling
0.104004128974992,0.010691660361460409,13.175429150023833,-0.1399695520245507,1.0775121858100305,29.05219878,0.2696229255,27.98482475,0.9229087841757304,4.306041385591795,0.12545707088,0.083448980326,-0.3914724082283073,0.18417816898226463,0.033921597929659625,Argentina,2000,8.62
0.3207107631287063,0.10559292520131836,13.274372837885323,-0.1293346433092177,1.080142270672528,27.97934713,0.2590339059,26.91889293,0.881699287104536,4.317588336167188,0.13419602104,0.088477450264,-0.7761136207065393,0.007864039817663659,6.184312225379947e-05,Argentina,2005,9.21
0.1293533604308459,-0.014858913972210397,13.552542886483382,-0.02895286835656523,1.081039386599015,26.90412063,0.2488727142,25.87377916,0.8554785924773977,4.327228408637144,0.16076087505,0.10223873433750001,-0.8293324598862457,0.1772648492664628,0.03142282678546178,Argentina,2010,9.48
0.8080743792159759,0.9003068971904933,9.304576733625924,-0.6914594096469,1.2114295326764772,28.44531858,0.234807868,25.81111863,0.49871255588218866,4.278934006164818,0.10692433841,0.030195769792,-0.718948613846235,-0.6508174666661136,0.4235633749176979,Armenia,2000,10.69
0.20840862855879716,0.0069268531753630125,9.896839133696615,-0.04944401168113548,1.2442953987304919,23.95296847,0.1925022667,21.46153689,0.5289798343460327,4.300385755274804,0.10876052609999999,0.040597561940000006,-0.6230138830785247,-0.9102725858050817,0.8285961804682699,Armenia,2005,10.75
0.20026262393085537,0.1441216031950543,10.086143444683788,-0.042541038939147284,1.303781154442445,22.21487726,0.1703880838,19.46073956,0.5135718494340158,4.309397587112248,0.12210910275,0.060455169997499995,-0.7281665968668557,-1.0945038891757206,1.197938763420778,Armenia,2010,10.84
0.18540323178900064,0.06545780599331086,13.515163539256065,-0.06481175419565705,1.0780211510573232,21.65207998,0.2008502334,20.86679961,0.5615567601723483,4.38086132181051,0.17598348366,0.033947085646000005,1.503107253464263,1.29297955194721,1.671796121753608,Australia,2000,11.16
0.14204299101697027,-0.001489230145005238,13.685246535951771,-0.0014071826172139526,1.073566663341998,20.50108492,0.1909623838,19.79736748,0.6553414658240465,4.397197557412867,0.17359174528000001,0.029424674238000003,1.4837167897164927,1.3284522858673287,1.7647854758261308,Australia,2005,11.48
0.12023107391293064,0.003268759596935844,13.8180652918509,-0.002897522767604116,1.0588550807061319,19.55951916,0.1847232876,19.01599833,0.6464485775507051,4.406064660660645,0.17978955905000002,0.025904361587499997,1.5098816485225064,1.2900491756882553,1.664226875693947,Australia,2010,11.81
0.0889888874759428,0.011002129041906006,12.5859966301227,-0.015605043809389057,1.1164249470200935,17.78149037,0.159271704,16.82714781,0.31918073951115183,4.364861866637277,0.18825773065999996,0.020554995018,1.5937488550227108,1.131080060810975,1.2793421039641588,Austria,2000,8.09
0.0663695972586662,-0.0005894301131749158,12.671246269683483,-0.004662997896015901,1.113075453003948,16.85152187,0.1513960426,15.97175795,0.3378997886123981,4.382416802448535,0.19359046264000002,0.019290433104000002,1.6173171025110007,1.1914679231792156,1.4195958119649932,Austria,2005,8.55
0.04286671325415181,-0.008203328853500835,12.73550624946201,-0.005252601791411673,1.1068132783388498,15.48261595,0.1398846242,14.71666475,0.3629054936893685,4.393326875059603,0.199284835875,0.0239157663075,1.5449718330988984,1.3011187369935602,1.6929099677557171,Austria,2010,9.0
0.2860572549813618,0.0326105776890846,10.22574908150917,0.1531091001428512,0.7983320199537848,27.20998678,0.34083546820000005,30.14110446,0.9777996684513617,4.316758025940543,0.16844609392000004,0.0030772035599999996,0.05531655344221245,-1.3692867557824133,1.8749462195611264,Bahrain,2000,6.9
0.3105330938129376,-0.15889837851367317,10.47733022809198,0.18519923729685703,0.7225362049861388,22.26987904,0.30821817490000003,25.68423515,0.8358612827591205,4.326861799059203,0.12783381204,0.028343718438,0.37499749045722935,-1.0722346434625596,1.1496871306412824,Bahrain,2005,6.8
0.16489860970126258,0.04480470698261363,10.747764224368602,0.012156445097597245,0.6323644340370317,16.66642982,0.2635573559,20.31152538,0.7560046019408126,4.335161023646233,0.143575453225,0.0191436886425,0.18961279317823782,-1.2189784980668257,1.485908578749254,Bahrain,2010,6.81
0.05501809971512661,-0.04683389883909139,8.010015284966064,0.010633240191753164,1.112008765235941,23.15323377,0.2082108927,21.94169289,0.5591585405566285,4.29789733111782,0.15477373004,0.016305505812,1.1759093931100981,1.0752039785243273,1.156063595434542,Barbados,2000,8.74
0.040228220769851886,0.049416603584549135,8.063573207875011,-0.03733285739487912,1.115231733152616,21.90324861,0.19640087309999998,20.72705641,0.5697358356447105,4.308868567648166,0.17021590845999998,0.058352099506,1.1080462281465278,0.7332954655804014,0.5377222398407776,Barbados,2005,9.28
0.012032997777757792,0.005021722026070874,8.103013340002125,0.010901536729225596,1.1307698009021827,21.19615049,0.1874488554,19.9203059,0.5801184502619401,4.318682115865076,0.175205417325,0.05398443494499999,0.8306677228091,0.9922185177900557,0.984497587045495,Barbados,2010,9.46
0.09403669902036071,0.003059146238882482,12.7704566900968,0.03428286896500213,1.0914914052910767,18.35078513,0.1681257868,17.5658063,0.5164100020598914,4.358701836197878,0.21691231472,0.020691480552000003,1.0932750399539335,1.1826207869853271,1.3985919258097945,Belgium,2000,9.97
0.07145613503929371,-0.0285769991904411,12.860330939256395,0.03733734553706786,1.0851114918587244,17.86381948,0.1646265809,17.15006685,0.5955343516929449,4.376529847632595,0.22432516638,0.02167454318,1.0314219083727578,1.23638889295592,1.5286574946247653,Belgium,2005,10.45
0.03342584471796406,-0.03376989165193667,12.929349536449111,0.008344074186625349,1.0837597599873592,17.57395484,0.1621572925,16.88274124,0.589174590176967,4.387453953256121,0.2402053842,0.024178087095000002,1.1406106200411976,1.2279159311637535,1.507777534005748,Belgium,2010,10.54
0.21109984456049036,0.027459647644926255,9.386647376726776,-0.010520711109063377,1.0543075925094234,46.34995025,0.43962455149999996,45.13875791,1.7618499388219109,4.022885411502902,0.1235865208,0.025999991095999996,-0.39870138558812096,0.17846698735310776,0.03185046557489433,Benin,2000,1.52
0.20740416525491967,0.011714489480031398,9.578176285925908,0.01656868314297441,1.045203374766508,45.42969337,0.4346493177,44.43852435,1.7089211909190505,4.0573780998126505,0.14881272656,0.041097789358,-0.7631113841650832,-0.3113367386067117,0.09693056480626391,Benin,2005,1.75
0.22688794953729707,-0.021570314363052345,9.766649023072318,0.028215089183766317,1.0423322596135838,44.76104844,0.4294316714,43.84600977,1.662789087931095,4.077946723529218,0.166048705075,0.0318628317775,-0.9114262254202419,0.1276238676423184,0.016287851591984003,Benin,2010,2.06
0.1947119532206214,-0.12639578307673605,9.778649623727603,0.24036791814365532,1.0422400016856632,38.39969296,0.3684342656,37.61059745,1.1645872775916426,3.9097331662262924,0.22661909444,0.07865785147399999,0.35053040690086745,0.4536813548432931,0.205826771732446,Botswana,2000,7.57
0.249800403956854,-0.08786451415606433,9.956554736725439,0.10524007120468441,1.039997304748285,35.8197957,0.3444220051,35.12208948,1.0745244931390197,4.073719084291175,0.19094836106000002,0.09595185593600002,0.4084363379674021,0.3549955046677403,0.12602180833430365,Botswana,2005,8.18
0.2690891178636978,-0.03542780927292344,10.17953859845543,0.013273330302480612,1.0379900321472824,33.62143127,0.32390899939999995,32.99931608,1.0530045551899772,4.158638674705247,0.18835892035000001,0.0720780375975,0.42709857380827204,0.2759609138482547,0.07615442597196387,Botswana,2010,8.68
0.15181380411514533,-0.01261949814566643,14.508260847273306,-0.030510120120941012,1.0622450439397606,31.04027475,0.2922138816,30.12024177,0.7723279784343866,4.260086961494299,0.19093151186,0.087294409162,-0.4497920121426438,0.06123283097370477,0.0037494595890542985,Brazil,2000,5.95
0.2430004861655608,0.05851069105002016,14.649598768111463,-0.04320992043061809,1.066929333474389,28.347149,0.2656890959,27.44629056,0.6376344706296866,4.282371021045309,0.19072400152000002,0.050475130018,-0.6520070119889737,0.2089119890959119,0.04364421918801042,Brazil,2005,6.83
0.08734619746397443,-0.07062181777791943,14.867126971762696,0.013652991300123742,1.0715654051808556,25.77531842,0.24053891900000002,24.90178002,0.5789981588690396,4.299929907088251,0.18777163354999998,0.05819594991500001,-0.19912374999354795,0.3977647320631233,0.15821678207324827,Brazil,2010,7.8
0.327013332801358,0.0009548403702774877,11.168375708506604,0.09533740216106583,1.1072694920826058,16.4786866,0.1488227276,15.66025702,0.2295231582782488,4.276462846302001,0.20089793370000003,0.063981162018,-0.36265714518880054,0.2285654194131877,0.0522421509515264,Bulgaria,2000,9.25
0.1637697482224214,-0.09658144387213452,11.451306511132017,0.0962917869612517,1.1167471791702313,14.35442938,0.1285378611,13.58403428,0.4081282255276481,4.2882987389500995,0.17795965321999999,0.071609776354,-0.32092854469654164,0.3552996554658649,0.1262378451741623,Bulgaria,2005,10.41
0.047274148925946724,-0.01117970077485031,11.602971030068645,-0.0052775286882565985,1.115388866228977,14.00569408,0.12556781320000002,13.2622468,0.41541543896133254,4.3069367077574645,0.16280560915,0.026258889775000002,-0.3116625344442394,0.35584049128613515,0.12662245523875804,Bulgaria,2010,11.44
0.09059877792255167,-0.09706208311385756,8.005690254992473,-0.4087922544260462,1.0312115500804326,50.08756004,0.48571566169999997,49.31545051,1.9293741804152138,3.9500133183725192,0.16362272112,0.10160607241200001,-1.591406167462321,-1.825204512274458,3.3313715116270424,Burundi,2000,1.31
0.9001689340287664,0.5531486106966268,8.092417137946518,-0.5108937344188019,1.022295254933585,46.2626557,0.45253712640000004,45.74982868,1.876100617661806,3.9794915286891213,0.25160021444,0.11952709864800001,-1.370275502932208,-0.9560102421197332,0.9139555830378309,Burundi,2005,1.74
0.40338760843353794,0.13504749268574856,8.734359932813136,-0.07060950217330521,1.0239550507929398,44.61915986,0.4357531107,44.08791903,1.809599387356386,4.017203053577691,0.264666463675,0.1052493965275,-1.430112180051002,-1.194561598606157,1.4269774128644974,Burundi,2010,2.24
0.19966012337816186,9.171101697713624e-05,10.50556955408815,0.058889225121560744,1.0226055961128848,45.46596161,0.4446089654,44.96189465,1.7011051009599243,3.946246167136443,0.100107857062,0.018676392254,-1.4366950477699327,-1.3730008562268845,1.885131351199758,Cameroon,2000,3.94
0.15430619368545484,-0.055049201021264205,10.687607840246569,0.058980931933339635,1.0195323611059106,44.41885131,0.4356786798,43.99277989,1.660549190257641,3.961343017584291,0.10354056094399999,0.032867889325999995,-1.423821300303232,-1.3825768956002258,1.9115188722475576,Cameroon,2005,4.6
0.2179173287133458,0.04004083465720565,10.831107305621103,0.002358514516772116,1.0164973526122203,43.81550011,0.4310439176,43.45996932,1.6124832706200605,3.9957275183480947,0.11563779937500002,0.022756838002499998,-1.306745089338653,-1.3161216609993307,1.7321762265516372,Cameroon,2010,5.27
0.1337071548124391,0.0011798651641536928,13.973265947298335,0.035100971350900845,1.0694482168959478,19.81126908,0.18524757690000002,19.16202986,0.41541543896133254,4.377755330503005,0.19609618278000004,0.024237552878,1.4462909313995649,1.3568568870784676,1.8410606120122694,Canada,2000,10.9
0.06518286492047909,-0.040476868591392545,14.098758878347832,0.036280141021157404,1.069206908310511,18.2650882,0.1708283781,17.66892509,0.48660260090110324,4.390199850065616,0.19906398111999998,0.018047397798,1.4214561458897126,1.3282641873183936,1.7642857513125925,Canada,2005,12.21
0.09653459263278696,0.0024620654443299195,14.161905366920434,-0.005038715030381289,1.0714243788441007,17.03584288,0.1590018224,16.463621,0.47593910441024706,4.400878158190447,0.211464564375,0.0178574418975,1.5503495326327565,1.2194068629499892,1.4869530974095337,Canada,2010,12.61
-0.02187366078873898,-0.04138111923251042,8.159864922964658,-0.07726958092963551,1.023376323431031,42.67765942,0.4170280125,42.18255408,1.696935837706582,3.792925313294503,0.1298289667,0.022876763188,-1.5182258777477131,-0.9625298367155218,0.9264636865676091,Central African Republic,2000,1.7
0.18018311353518301,0.11887312450551568,8.137748486871773,-0.11953127719046401,1.019886903122059,42.58413554,0.4175378212,42.16312856,1.6715108966318792,3.8234434993192035,0.072729258666,0.046599436210000005,-1.6671537003765082,-1.3402312553796076,1.796219817896399,Central African Republic,2005,2.04
-0.3217225872794357,-0.33621941932569477,8.303418094272047,-0.007209237215265075,1.0182806907972024,42.85560664,0.42086241080000003,42.46571616,1.6378795860654034,3.886504802083996,0.084209961925,0.025169748677500003,-1.5282414337146568,-1.3644377937852787,1.8616904931096387,Central African Republic,2010,2.35
0.247303699674555,0.01984055738806867,12.272267168021553,0.020877952847933822,1.0589628934535085,27.90113232,0.263476015,27.11566995,0.7178397931503168,4.351081452963031,0.11821059494,0.027533379058,1.075938095990881,0.6796541361086125,0.46192974472954434,Chile,2000,8.56
0.20155940190653432,-0.04274656687140255,12.493251349313201,0.040524251639242385,1.0585840576438337,25.28299463,0.2388378556,24.57590433,0.6646448200872331,4.373320615326954,0.10848577335600001,0.039280841886,1.0676082219732408,1.099572661415903,1.2090600377332519,Chile,2005,9.25
0.1853592652509206,-6.20659953517455e-05,12.676871564074524,-0.003162850542616834,1.058595178248127,23.11119968,0.21831952529999998,22.46508253,0.6130211360806604,4.391220370532217,0.12061977127500001,0.023871284620000002,1.0834206654999985,0.9491315674648592,0.9008507323583005,Chile,2010,9.6
0.5570830084635638,0.22653724000016906,15.485068494338476,-0.36912970056402683,1.0434062954421486,25.13772885,0.24091985030000002,24.62903839,0.4217320805720363,4.2848938314802,0.15381096234000002,0.01050470067,-0.7673711856039149,-1.713840364627875,2.9372487954278075,China,2000,6.08
0.5456487648120023,0.1713897512717002,15.927882698847963,-0.16493475348738768,1.0700269983154282,20.54497192,0.19200423870000002,19.89175563,0.45501688693741216,4.30828760944318,0.13561815206,0.026393136016000004,-0.8102523960806877,-1.8805007131828118,3.536282932281064,China,2005,6.6
0.3420706302964154,0.04956700369567235,16.36332643355877,-0.006743887979912312,1.0863748697368243,18.56450839,0.1708849211,17.84821566,0.4679703134595616,4.321439159630388,0.132412569025,0.035019577205,-0.6499861523274368,-1.9705672564134111,3.8831353120486782,China,2010,6.99
0.19453154895459424,0.007573340030406328,12.748933220727038,-0.061925500717602014,1.0639643011997906,32.5208918,0.3056577346,31.53264094,0.83802644187803,4.269900737930614,0.16393121169999997,0.07315118254399999,-1.1285981043932722,-0.7177332615487187,0.5151410347333615,Colombia,2000,6.41
0.2482478375145225,0.039915167206917346,12.926687320011784,-0.05438069445341603,1.0678632910401364,29.90095705,0.2800073502,28.93912331,0.751038658975723,4.286245093796379,0.15913666782000002,0.052176254793999996,-0.8441321934452536,-0.6234551559142257,0.3886963314360315,Colombia,2005,6.64
0.21672211175723066,0.043129265843861786,13.148428157995104,-0.015241554620496194,1.0715489856109037,27.3165454,0.2549257735,26.39192778,0.6751104930737939,4.297874248939332,0.168491435025,0.0272238640025,-0.5493594791909543,-0.3423497141217513,0.11720332675924484,Colombia,2010,8.4
0.22177134078414884,0.01567295488408038,10.47876498724297,-0.05681738623176831,1.0361986889186314,31.28766698,0.3019465988,30.74325624,0.8010145514289524,4.352878046431819,0.1433979202,0.10629382266399999,0.39015114035741477,0.8964001628616749,0.8035332519784373,Costa Rica,2000,7.47
0.2530891996829121,0.04534598386545263,10.679066711648884,-0.041265983693862925,1.0396003484750171,27.92817918,0.26864341880000003,27.39775335,0.6966410698142012,4.360994813226011,0.13785676706,0.111786039136,0.3278290554508468,0.5922133006298944,0.3507165934429537,Costa Rica,2005,7.94
0.17679062623713326,-0.0037026550664436275,10.904678573921993,0.003081931965065243,1.0426607532602468,25.09138791,0.2406476683,24.57901383,0.6315376989282541,4.369147097149738,0.1714339245,0.0506789917325,0.27715173717400643,0.890531460361475,0.7930462818935413,Costa Rica,2010,7.89
0.24582999321950516,0.13368957025349526,11.112777018684683,0.004564461975761489,1.131593596757271,18.4335282,0.162898838,17.32194056,0.3520643313810491,4.309918724845996,0.19241423968000004,0.027765073974,-0.2114052344336142,0.2813805101670081,0.07917499150184575,Croatia,2000,9.26
0.023698054485007836,-0.12637031052020142,11.332578987701963,0.13004188223374213,1.1348026021677247,16.76322483,0.147719302,15.73088244,0.4160752872201798,4.327748788254242,0.18849707816,0.035723567524,-0.0987042420510375,0.2035059838831335,0.0414146854762422,Croatia,2005,10.07
-0.0384808236566464,-0.042697386453257824,11.356000602169981,-0.00505680712484637,1.136955970852316,16.47112266,0.1448703651,15.442638,0.4054651081081644,4.341538044952184,0.20103748602500002,0.0223298447025,-0.0423476015429619,0.2979362670257892,0.08876601920926236,Croatia,2010,11.04
0.19465367495192565,0.05306808822988773,9.74889655786785,0.012877283738344828,1.0431571550877472,22.86922227,0.21923084320000003,22.40009923,0.4837832526541073,4.359545325379843,0.15709763148,0.030690303074,0.7941595100571647,0.8568466908831021,0.7341862516773222,Cyprus,2000,9.11
0.1289869412831992,-0.04527815781759892,9.92675288949207,0.06458517598671684,1.0340904684722523,20.32847108,0.1965831008,19.99741159,0.39217721378122894,4.367948055929191,0.16986592384000002,0.024940141433999998,0.6534349597613404,0.740415634174871,0.5482153113305764,Cyprus,2005,7.89
-0.10171203378471527,-0.07591004737253726,10.048073607970203,0.018249930329030106,1.065824576059346,18.40533642,0.1726863579,17.83639686,0.33468492604711714,4.377847640453491,0.18500425979999996,0.01915105914,0.9649525203254131,0.8731795821104219,0.762442582614531,Cyprus,2010,10.77
0.21227814458732142,0.17298503340421378,12.215871433218089,-0.23286423948727655,1.1135507384587746,17.33008548,0.15562906010000002,16.4225916,0.16211884947643493,4.320832109637202,0.2049581885,0.026657451796000004,0.3922248477969431,0.5468729325680901,0.2990700043756228,Czech Republic,2000,12.67
0.12764700003990015,0.06358473594293756,12.40837278676966,-0.07331242914353255,1.1117395048529817,15.53248401,0.1397133406,14.73173204,0.35065687161316933,4.339189144938272,0.19840735338,0.02939503469,0.634040822859184,0.686859018515604,0.4717753113162189,Czech Republic,2005,12.89
0.025032229439654774,0.006864420532407767,12.528505947641538,-0.011667400173308291,1.094601201029613,14.89739928,0.1360988757,14.24180209,0.38014730012387443,4.355261563531111,0.201497509825,0.020197267035,0.7000245489604041,0.8641632554361016,0.746778132045921,Czech Republic,2010,13.03
0.06915517432156637,0.017531987126787385,12.32034138839815,0.02318767586290444,1.0776525083050292,19.16716328,0.17786033190000003,18.46946582,0.5618988939499913,4.343590004315329,0.24607941860000004,0.021903758350000004,1.590134789833917,1.3610689707475623,1.8525087431318286,Denmark,2000,10.41
0.002172948822773746,-0.035913021983906224,12.387210168299085,0.040567750683029556,1.0701558573724852,19.36877706,0.1809902448,18.72795665,0.6119371251344021,4.359724911626633,0.25215217518,0.020277514114,1.7056169710020501,1.576554522625329,2.4855241628103792,Denmark,2005,10.92
0.02103971495541823,-0.014856369181943108,12.389380759683009,0.003993988399076747,1.066242166709179,18.52977361,0.17378578890000002,17.949721,0.5624688569178291,4.379683953707153,0.2660236418,0.0206084975475,1.641532704195433,1.4185586642671668,2.0123086839674484,Denmark,2010,11.32
0.26726378830296915,-0.06444110699720484,11.449364132894535,0.014343962721154827,1.0311960819616386,35.2707423,0.3420372024,34.7386677,1.071926023405604,4.296841040019761,0.10046007804999998,0.31385548906800004,-0.8801995892193281,-0.5166849017087138,0.2669632876537433,Ecuador,2000,6.64
0.18138175116886224,0.01807529329851154,11.686224211697256,-0.05226721902453702,1.035500014626668,33.25682145,0.32116678880000005,32.68767993,1.0069355000962057,4.310706929296659,0.1156080899,0.04255538949,-1.013151281668178,-0.6674335002878732,0.4454674773065224,Ecuador,2005,6.9
0.23521484065645892,0.038404381623264205,11.852908940684511,-0.034353341648437806,1.0401925789584068,31.33641762,0.3012559237,30.73139784,0.9606903191708396,4.3219373878194745,0.13317845365,0.039674907255,-1.4386633436109328,-0.4461594460700142,0.19905825131750188,Ecuador,2010,7.35
0.40852213095475687,0.210543671023097,9.88502927689419,-0.17956036040777432,1.2271335533554728,19.50965353,0.1589855764,17.58293832,0.31918073951115183,4.262136960900283,0.18059802336,0.03544591123,0.40926726116410944,0.7840450075058079,0.6147265737947823,Estonia,2000,11.8
-0.01809939352247869,-0.015991410248379245,10.227570297532983,0.01150921318428579,1.2158981830117699,16.74862616,0.1377469462,15.15673685,0.49591501103023644,4.295023018172321,0.17648987064,0.050796139842,0.7354124885638679,0.7791383636252905,0.6070565896726955,Estonia,2005,12.24
0.18273337321641114,0.04536477731084143,10.209305106383015,-0.0046114393613201805,1.2148861864381937,16.71250056,0.1375643311,15.13315046,0.47156490981268806,4.334433162692019,0.190009120725,0.0366915337175,0.9088030628870485,0.9596939944108243,0.9210125629082032,Estonia,2010,12.71
0.12735090061418508,-0.006000292222582915,8.542197683757307,0.004893232586480345,1.0276804967947637,35.49640553,0.3454031252,35.02625049,1.0984789464450972,4.218983392718938,0.1661372355,0.026254199806,-0.6603393649287849,-0.6209312083029598,0.38555556544457364,Fiji,2000,9.35
0.03665812630357235,0.0001946488828634685,8.662068228484548,-0.001125133725627766,1.0274746078412094,30.93456851,0.3010738005,30.52881603,1.0214432258969812,4.231862206507053,,0.041214563339999996,-0.2723656737334843,-0.22676362920383294,0.05142174352969344,Fiji,2005,9.03
0.1359624262452932,0.04708890802777832,8.698070427681273,-0.0009305037844001192,1.0250413603708288,29.34803906,0.2863107792,28.99738357,0.9665084480347725,4.243520431710671,,0.0432101786625,-1.0854643859588116,-1.3666861092170772,1.8678309211269128,Fiji,2010,9.46
0.13634556776224427,0.04441053083800428,12.048428579261033,-0.008638993881448192,1.0929273508533108,18.96111393,0.1734892435,18.13595494,0.5584722772333437,4.358333522438447,0.20586209834000002,0.017121224742,1.735411326675958,1.421163540206748,2.019705808012977,Finland,2000,9.22
0.041492670244545504,-0.04035793412234234,12.176246050275282,0.03481364705686224,1.0874364768467304,18.08154293,0.166276774,17.33929754,0.6075892921982986,4.373447253884826,0.21932036306000002,0.018009918144000003,1.7203560538614437,1.5205315062174363,2.3120160613998655,Finland,2005,9.76
-0.004302455361765989,-0.044545462369770084,12.21690099427814,-0.006381265032613598,1.0843554188609055,17.20406588,0.1586570748,16.52258702,0.5947071077466928,4.38808295325336,0.24153732305000003,0.022284467795000002,1.7122344480711809,1.3604580435227802,1.8508460881858309,Finland,2010,10.21
0.08553468594648406,0.012798514528739702,14.546721893699011,0.008396680008037297,1.090152191775069,19.6072068,0.1798575185,18.78069429,0.6397464038328301,4.373877668202744,0.22452571767999996,0.01898104957,1.212141397511633,0.9893701778930788,0.9788533489041824,France,2000,9.27
0.039120477089046535,-0.02536734876692881,14.628794557413682,0.021113985717204586,1.0893803654586802,19.22075247,0.1764374784,18.41739135,0.6861225656229808,4.393750325782968,0.22811045892,0.015618772542000002,1.180665542196311,1.2961428591780448,1.679986311398237,France,2005,9.75
0.031219133779234687,-0.007906690044146125,14.66716921765843,-0.004580661228049202,1.0887228625906067,19.20671861,0.17641513069999998,18.40970832,0.6981347220709843,4.406615137149862,0.2381892234,0.016166046552499997,1.2663397552699722,1.0619249201585852,1.1276845360538175,France,2010,10.4
0.049766450722995126,-0.08277398612542464,9.988461560874004,0.019421066275737104,1.0350167770171024,41.47320398,0.4007007896,40.76541561,1.481104415882533,4.0797446795915375,0.14645919956200001,0.010645563770000002,-0.4471648356973998,-0.7520003502706253,0.5655045268071431,Gabon,2000,7.02
0.05684074605035283,0.044174161812494894,10.037029272419824,-0.06698029985427285,1.0151512387963253,39.29545697,0.3870896815,39.00269826,1.4272923401539626,4.10174564309757,0.13661098876,0.028958519612000005,-0.6722608251579811,-1.1616664287476939,1.3494688916794209,Gabon,2005,7.87
0.25046368945342423,0.0414753094368252,10.092313301968352,-0.023754002647533717,0.9774361472221076,36.58282463,0.3742732938,36.99648216,1.3928975122534624,4.142937262095154,0.13691927852500002,0.014682035752500003,-0.756686754239459,-1.1130042474033877,1.2387784547379814,Gabon,2010,8.63
0.0287683071936069,0.026565076968805057,14.935018014143994,-0.056008277735414266,1.1089681986952444,16.51508359,0.14892296829999999,15.6825129,0.3030631744900833,4.360665964957222,0.18692459720000001,0.015151914784000001,1.389990259089496,1.1281763915953575,1.2727819705531216,Germany,2000,9.67
0.06326424102258876,0.010601669127251245,14.96338028256574,-0.029789925318425215,1.101267715458524,15.12823948,0.1373711339,14.41687902,0.3045391895182039,4.374928330516394,0.18257131448000002,0.016727602731999996,1.4234942872678245,1.305811459588168,1.7051435679917817,Germany,2005,11.54
0.060599963098890486,0.015453009520435046,15.024723931488536,-0.019244059824039476,1.0960349400636062,14.19755027,0.1295355627,13.56339225,0.33825635841471424,4.38970288938621,0.1896411897,0.0167304873525,1.3770763256069214,1.1617598416142503,1.3496859295875678,Germany,2010,12.3
0.20667167592571878,0.05956996934479397,12.43630681131653,0.09701874392248026,1.076645416011165,16.0234466,0.1488275189,15.44984397,0.24373018492259832,4.363856454683756,0.18863233654,0.033197821256,0.6384997055018894,0.8104336756578405,0.6568027426402778,Greece,2000,8.03
-0.016328835486480897,-0.06529177230075567,12.62417269979714,0.1548818804349254,1.0628076916135958,15.53707356,0.1461889454,15.07353553,0.35767444427181605,4.377626725353722,0.20945228790000003,0.029997780712000002,0.5617119296230348,0.8915865375041953,0.7949265538587198,Greece,2005,9.38
-0.17927010687331402,-0.09431187775298644,12.607709079610913,0.08736102610525283,1.0770189196099313,15.4795692,0.14372606570000002,14.9182444,0.3202702620449325,4.391478773349685,0.215418538,0.0215577490675,0.3832486287099846,0.7410089499132423,0.549094263851526,Greece,2010,9.96
0.16078289691472647,0.013948050957077962,11.144405985510582,-0.07994888465838652,1.0720338295195158,45.27950123,0.42237007810000005,43.72988057,1.4731598941414727,4.228408150584513,0.09017311708999999,0.069156361566,-1.120427405360923,-0.5574651453146696,0.3107673882407057,Guatemala,2000,3.32
0.1964471041160163,0.05955549446603969,11.293500674112146,-0.06609721259954204,1.0769259634299229,43.85296294,0.407204993,42.25671326,1.311355274455397,4.249980827934292,0.08939709997800002,0.071411967796,-1.2683790831930148,-0.6627776339232513,0.4392741920289033,Guatemala,2005,3.13
0.15947913330965324,0.01212705139301895,11.47285709265541,-0.008247737268562273,1.0789156720765838,40.88771925,0.3789704822,39.36600713,1.181497107560751,4.264515017914432,0.10395698917499999,0.045501806034999995,-1.1963498860276822,-0.5221161651496359,0.2726052899105619,Guatemala,2010,4.02
0.2553288868895409,0.11921880864547152,9.982868262522155,-0.07188578657646875,1.0456234147482346,43.33300759,0.41442269730000003,42.38234301,1.3386260674183894,4.261307517025375,0.14600602865999998,0.08840121341,-1.2272136360661123,-0.36018969895495595,0.1297366192332618,Honduras,2000,5.01
0.1937609464084742,-0.026707183072280483,10.210265862040414,0.04074516308879627,1.0457805086373195,40.81002096,0.39023505049999996,39.91275431,1.1655229939507366,4.2746378439283435,0.16588667028,0.076442547424,-0.9987688110331998,-0.648297594040337,0.42028977043848964,Honduras,2005,5.4
0.14569850577414178,-0.04598588787491498,10.387374644577434,0.01367486339034871,1.045202747635874,37.43087691,0.35812072819999996,36.61861249,1.0082316055725122,4.285875613671031,0.167315990625,0.05455228660750001,-1.1148549190139365,-0.7327761140887857,0.5369608333790611,Honduras,2010,5.54
0.23385425429121454,0.1602838235271833,12.031217644502947,-0.10744337552743696,1.1554690069391598,18.10647025,0.1567023446,16.82926736,0.2592825979300828,4.278865595421229,0.21776133738,0.07125363326,0.6608424728589385,0.9391194138467901,0.8819452734639386,Hungary,2000,11.0
-0.010417015587324774,-0.04620469231928992,12.241360454656844,0.0412212751171474,1.1641598203677626,16.75937899,0.1439611529,15.5175277,0.28367405105424215,4.294573918626678,0.21741590462,0.051278953116,0.6313890406196192,0.974396446251812,0.9494484344681603,Hungary,2005,11.56
0.056725003724064305,0.03910098284456964,12.23088880219598,-0.006084917618009848,1.169731113888874,16.08702408,0.1375275385,14.86032208,0.2565783274004471,4.3164713366271545,0.205503199725,0.040477056185000006,0.5319812945145583,0.7373118874066774,0.543628819311197,Hungary,2010,12.06
0.22801865921162845,0.1383012802851984,9.08825582517161,-0.1362122870126824,1.0400219039573382,23.65771453,0.22747323340000003,23.203951,0.6921466802263617,4.389020413761701,0.23482042978000003,0.043808327152,1.5781461878808005,1.3155255125382526,1.7306073741390322,Iceland,2000,9.59
0.06405066284289163,0.010631062576261563,9.293657849578864,-0.006675240929853885,1.0381178258089026,22.59408002,0.21764465900000002,22.17988399,0.7514160886839212,4.400543165105841,0.23629547978,0.08084698581199999,1.7088115910281434,1.394120120183769,1.9435709095012064,Iceland,2005,10.15
0.09173451716046555,0.00944939615705942,9.355740854818581,0.0038997092399888165,1.0268777757485958,21.07050353,0.2051899849,20.79743263,0.7166195367450876,4.410474827546946,0.24542519605000004,0.04615986049,1.4590757956254594,1.317379869677625,1.7354897210318365,Iceland,2010,10.76
0.40032920641622205,0.060976190317026724,14.798236012049882,-0.21012104097549,1.0205957006006956,35.07582371,0.3436799086,34.73467055,1.1552446382345833,4.149375606444721,0.11520262972000002,0.039319090730000006,0.08696071419982046,0.11437926222563445,0.013082615627280449,India,2000,3.19
0.49083336368152897,0.15253502882310466,15.134943368468427,-0.15093162238995056,1.0305670886126388,33.26146833,0.32274918049999995,32.78630334,1.0374458534306223,4.179097659494256,0.10575995922,0.071982160042,-0.09932850629877941,0.16197661519090217,0.026236423868701602,India,2005,2.9
0.28516214615717406,0.05602505670531999,15.534278636557586,-0.008967733190406446,1.0340932892913648,31.39011574,0.3035520689,30.89198229,0.9197846211284109,4.206037273706662,0.10798850297500001,0.10267557782999999,-0.2800366223718893,0.2630660466218405,0.06920374488524438,India,2010,3.56
0.25978784421395296,0.09415862765458027,14.01861169523576,-0.17361324683049414,1.030390723619401,31.14509919,0.3022649416,30.6862231,0.9210792486059522,4.198851494170985,0.07425973425,0.07986022611600001,-0.9568752171435708,-0.5408602459135009,0.29252980560961267,Indonesia,2000,4.19
0.32193215040614187,0.05075423999078077,14.249555024414072,-0.08362755548577146,1.0341414812669467,30.55181743,0.2954316985,30.0495636,0.9178894532378521,4.213093635203025,0.086192210482,0.08911785974000001,-1.0407299563705257,-0.4094469424306611,0.1676467986658171,Indonesia,2005,5.29
0.2482443577152016,0.11203850086632228,14.5286494410818,-0.03411932538665467,1.0371459395595513,29.49135867,0.284351098,28.96765985,0.9006693509711983,4.225759285396138,0.09207775126750001,0.0529578831025,-0.8784797212932307,-0.2428531861817875,0.058977670038645943,Indonesia,2010,6.71
0.025501296607921553,-0.1078110225822686,12.403060409545787,-0.005162009274654252,1.0390091385975515,43.76466814,0.42121543029999997,42.95056488,1.5534599780246436,4.232738230647398,0.16937947784,0.20249571130400001,-1.6253256453299507,-2.3761025447637305,5.645863303232676,Iraq,2000,3.68
0.3294934694658922,0.06993543012633796,12.42824197244186,-0.11923932002391113,1.0365503979999584,42.77563966,0.412673033,42.0296466,1.5160059676415478,4.223550812057789,0.18416056931999997,0.199318839104,-1.9243814639356953,-1.6673568077840648,2.7800787244638667,Iraq,2005,4.45
0.25946641458200803,-0.0420578567484049,12.713039992108088,-0.05164101904728961,1.0368810342977515,42.4350193,0.4092563939,41.68856304,1.5138076814188501,4.231687090245761,0.18381709247499997,0.041619492617500004,-1.7904212436112779,-1.2462644966878573,1.5531751957046382,Iraq,2010,5.09
0.29252176791225715,0.012657877663894146,12.015283212254378,0.005962679839427531,1.0692671778515839,22.09013732,0.2065913719,21.37079425,0.6616565134685745,4.351523423205548,0.15596592036,0.041527788354,1.3199636210040646,1.2265790332235402,1.5044961247435946,Ireland,2000,10.89
0.03999284305013995,-0.04194062324082737,12.271878381224615,0.018541116239323252,1.0570111008287262,20.71172128,0.19594610939999998,20.1525667,0.6830968447064438,4.377295950386077,0.17642827434000002,0.021647858070000005,1.356007973548762,1.4530605161736667,2.1113848636628827,Ireland,2005,11.89
0.0963537287611389,0.04756854492948159,12.31109221267166,-0.024304406776999864,1.0622542246149809,21.33326161,0.2008300943,20.70585494,0.6981347220709843,4.392550334071617,0.1796123467,0.0095704174475,1.512958509076617,1.1897861050385035,1.4155909757426928,Ireland,2010,12.31
0.04787337528414626,-0.05096113303101901,14.519249324125646,0.1185612492140922,1.1216479222656548,15.17257059,0.135270349,14.32542494,0.24842135849847832,4.384268023309598,0.18598119096000001,0.025319800056,0.615465247618461,0.8395576127842184,0.7048569851839356,Italy,2000,8.2
-0.015347815597466008,-0.06327341681989074,14.566012077614007,0.06625572371342212,1.1164187741322023,14.8883213,0.133357855,14.09113716,0.3378997886123983,4.398445974563093,0.19600579266,0.020030980598,0.28773767369442527,0.848335821177374,0.7196736654926895,Italy,2005,8.6
-0.04382114228021505,-0.037101721801467424,14.550545265163446,0.0008918841530596691,1.1193115577238766,14.82320902,0.13243148359999998,14.01074676,0.3576744442718159,4.410230327846912,0.19807314995,0.02135671566,0.18445798523883342,0.8094532218842277,0.6552145184187569,Italy,2010,9.21
0.08059297963993517,-0.032477673417471875,9.816076308883206,0.05412924587302613,1.048083802922971,32.88454094,0.313758698,32.12550586,0.9102726595485922,4.286406534906826,0.14000116127999998,0.092373855894,-0.6400045572685963,0.457365892394215,0.20918355952555664,Jamaica,2000,8.86
-0.02429532527095546,-0.028541148008032535,9.893586254565829,0.021112468099654468,1.0691189156891983,31.09403747,0.2908379696,30.07851937,0.827503233059024,4.304170295318882,0.15146624556000002,0.12955197889800002,-0.6455913235322815,0.16663585284141047,0.027767507452184207,Jamaica,2005,9.38
0.02362480997098282,-0.0004011744623266811,9.868990928840207,-0.00784389809120679,1.0573300988375978,27.70737858,0.2620504099,26.951168,0.7517697997057071,4.319891239946965,0.15930866315,0.09095462925749999,-0.6934528803158403,0.28363236406192,0.08044731794335352,Jamaica,2010,9.96
0.06122774681138443,0.01707536851496605,15.236632824894668,-0.009325579361029512,1.0930566410981855,15.45261497,0.14137067,14.78310706,0.27596367949758255,4.401453773002509,0.17762029738000004,-0.005163359782,1.0689995647797226,0.7525441311801648,0.5663226693737091,Japan,2000,10.48
0.017331584214888673,-0.0011722949500821978,15.296059314471487,0.007605643627098357,1.0978858942477412,14.48816211,0.1319641885,13.82943151,0.28668157211819745,4.412248252956761,0.18401965366000003,0.00010738126599999999,0.9983870708013355,0.7941901085159219,0.6307379284645318,Japan,2005,10.99
0.02791569025897256,0.001558734868195355,15.313242419907159,0.006432661001799792,1.102135892173183,14.0183231,0.127192329,13.35466423,0.34003730278570893,4.41842471174551,0.20024397942500002,-0.0017327794050000002,1.0743155715242965,0.8913764750043699,0.7945520201912161,Japan,2010,11.34
0.36189294196129196,0.17658800917338002,10.634320784402265,-0.1551855936658926,0.9810505240719091,39.09489881,0.3985003611,39.45856758,1.3600017191649665,4.27846166053837,0.22758026038,0.018527894809999997,0.1257172786658378,-0.5563325686858926,0.30950592698064344,Jordan,2000,6.66
0.3531149737872943,0.008955301987407571,10.943196385487514,0.007433138648788431,0.9871823636380853,37.53702692,0.3802440998,37.77301491,1.3113013820784605,4.289910409718488,0.20843540506,0.05876374185200001,0.09637326313268538,-0.8280442078699333,0.6856572101869453,Jordan,2005,7.61
0.1163828623482559,-0.06689576944393971,11.245605707996573,0.016348579720292574,0.9947369609134044,36.90788815,0.3710316355,37.00358794,1.2854375773082078,4.299575630495476,0.19524889757500002,0.046306759915,-0.0512589850747638,-1.043781408576861,1.0894796288906963,Jordan,2010,8.58
0.6378634021761673,0.4229711413909121,11.907047840824164,-0.5372537504901636,1.1269719949528327,29.28489443,0.2598546775,27.57268985,0.6871291082343824,4.186642078418306,0.11994478923999999,0.081384450748,-1.3455615518171848,-1.273249315176735,1.6211638185980246,Kazakhstan,2000,10.2
0.35305290109884324,0.16128609271556793,12.400440429722805,-0.18450671170691754,1.1255046861544886,26.00366548,0.2310400463,24.50093321,0.9025974047421527,4.201783404472235,0.10866946639999998,0.10279554838000002,-1.0842620540425305,-1.3800172723956645,1.9044476721103698,Kazakhstan,2005,11.81
0.24506157945670148,0.09954750175285487,12.702803877259333,-0.03497862012640384,1.1261157451585122,25.51439883,0.2265699502,24.03826312,0.9603076172909293,4.238933119792411,0.107457881325,0.066036985,-0.8545535453814563,-1.3938900506419156,1.942929473278522,Kazakhstan,2010,11.33
0.20353150458130354,0.034791455343981204,11.141513896986917,-0.07921433237111612,1.0263428339169953,45.71366816,0.44540349139999996,45.1230431,1.618199418102673,3.939910224284351,0.16819317692,0.07823931536800001,-1.1116125295122006,-1.1099951508297843,1.2320892348656356,Kenya,2000,4.12
0.27521423349624063,0.035879864972341746,11.32677405235209,-0.04501441837738309,1.0264259178459245,44.41199076,0.4326857885,43.83665321,1.5408164005560616,4.019604282624668,0.15449054586,0.139998670728,-1.100220440673917,-0.5405819438060532,0.29222883796913085,Kenya,2005,4.71
0.23508234955504737,0.0031515789086595802,11.569888243119207,-0.009763241715432264,1.0276268548105958,43.83335163,0.4265493007,43.24069716,1.4396573871344567,4.092172998792379,0.14043061875,0.082699021805,-1.178753769429171,-0.43340225441852104,0.18783751413505645,Kenya,2010,5.84
0.4769231348651177,0.25651523825687894,11.88886735353711,0.12069417639355526,0.7510572773640439,24.9567796,0.332288633,28.39446815,0.991546616352922,4.296614798146146,0.22647034628,0.012422622036,0.3286613586959881,-0.5694490740271606,0.32427224791039067,Kuwait,2000,6.08
0.059468601844884006,-0.3062254347315131,12.278828314340899,0.34903638186381036,0.7354659682424493,22.6422828,0.3078630933,25.97737965,0.8732162023006061,4.301621635743293,0.15100040394,0.05575448867,0.30612006839810474,-0.795224090046301,0.6323813533899675,Kuwait,2005,6.47
0.16318637051145846,-0.10762854069552275,12.336595777748224,-0.016571823288563152,0.7608378172606385,20.49375224,0.2693576972,23.21073166,0.754477435711551,4.308015667709235,0.158647431,0.0382594623325,0.34474033373890217,-0.7546774661320939,0.5695380778875576,Kuwait,2010,6.81
0.48282165077489814,0.3444691465631067,10.114561843663186,-0.4628905441247732,1.233824977232736,19.89422848,0.16124027999999999,17.85653917,0.2374408560150342,4.263606963501856,0.20487134133999998,0.032445432600000004,-0.045445293968858415,0.5252993388677231,0.27593939541486695,Latvia,2000,9.43
-0.02240297774702893,0.12964924116073173,10.508508637128948,-0.1668912955503965,1.2345157917401404,16.36311512,0.13254682710000001,14.67990655,0.39608794629556743,4.273164059011669,0.18296356642,0.08453229493399998,0.387100984949083,0.5547179848909247,0.3077120427614482,Latvia,2005,10.09
0.16488234880905606,0.12652932048078114,10.48585090058259,-0.04498411706452748,1.240835874095151,15.74603999,0.1268986521,14.08930702,0.345361184038459,4.300068984928983,0.17896575750000002,0.0138549065,0.5394652645487996,0.6321846569879843,0.3996574405310154,Latvia,2010,10.47
0.15248572692700502,0.1740074138086356,8.035342790581016,-0.34363464796002396,1.0974123031267389,43.26817546,0.3942745615,41.27572177,1.3507189956059704,3.8055790846544393,,0.08396196889,-0.10072406428658509,-0.6461124838234771,0.41746134175254296,Lesotho,2000,6.4
0.2881211369604004,0.18229411396267503,8.17726390194788,-0.183211611575221,1.0843482977538141,41.06265581,0.3786851134,39.41215967,1.2312766388532814,3.8069385492179593,,0.0712362904,-0.34603178695818976,-0.5031647320127983,0.25317474754151115,Lesotho,2005,7.63
0.18187601446134494,0.10020657577623204,8.43044857564267,-0.015754896164122865,1.077896695461488,38.71716424,0.359191789,37.27449106,1.1829534371018604,3.8808967411806394,0.3596379535,0.04913640274500001,-0.5182964125625718,-0.3099051245458787,0.0960411862197966,Lesotho,2010,6.31
0.44296118778158755,0.30245581595617654,10.553600005829042,-0.3842461108082986,1.1902870299395871,21.90213193,0.184007146,20.03955069,0.25309062768216173,4.275167707012851,0.20566232884,0.005391667132000001,0.04896743915536063,0.6444521506264415,0.41531857444704556,Lithuania,2000,9.64
0.06020751141776892,0.06472803323409604,10.92029738836479,-0.11999453922875379,1.2136463953565348,18.51863772,0.1525867649,16.77310801,0.3264219007677116,4.270917922438206,0.18994675532000002,0.05499533602,0.3972556393545318,0.6830827281067875,0.4666020134378114,Lithuania,2005,10.53
0.17472381475442567,0.13257207332621368,10.978762042817664,-0.05727514053459713,1.2345430179251191,16.45235724,0.1332667797,14.76546376,0.44468582126144574,4.299357258755416,0.18153384917499998,0.023967337557500003,0.5340624078918188,0.759851889546787,0.5773748940478225,Lithuania,2010,10.97
0.26051837372204245,0.07979811919172453,12.723872921165196,-0.0793320206880346,1.0153040792910777,33.61888378,0.3311213307,33.37031317,0.9378956556265395,4.293046336138828,0.12142059048,0.014541511677999998,0.030066765715840615,-0.6997697653298898,0.489677724469849,Malaysia,2000,7.54
0.24481302472395305,-0.005458650969993761,12.95539596523954,-0.0025579236992037332,1.0034823317267816,30.50911496,0.3040324079,30.45749757,0.7992174442870117,4.301615622374105,0.11752297619999999,0.029243089050000004,0.26673573576385634,-0.4359563523372295,0.1900579411431826,Malaysia,2005,8.43
0.23407419607822666,0.012966586405596114,13.174381302933305,-0.008031527544245902,0.9966600328785694,27.88591807,0.2797936824,27.93121542,0.7514160886839212,4.308902582648495,0.1335232093,0.0216363986475,0.23196367087293573,-0.7289554330992384,0.5313760234448982,Malaysia,2010,9.38
0.1075376817564857,-0.023824662240845784,8.97569933655295,0.07256763294015396,1.06864522285979,20.57259652,0.1925110044,19.90934484,0.406797553341943,4.36585387484689,0.18694427234,0.023164484108,1.1437029288239273,0.9984095764881075,0.9968216824231622,Malta,2000,8.77
0.10518461444410931,-0.05239263476337719,9.07783858307065,0.048454573579494196,1.0672543531121266,18.3147904,0.1716066123,17.73508003,0.3278638620846127,4.378043101179323,0.18833736769999998,0.026749348760000007,1.188653807134289,1.0369838545054084,1.075335514504894,Malta,2005,9.47
0.11266012969668271,0.019686384755583264,9.177850975980533,-0.005360460631731645,1.0670936493723446,15.65129245,0.1466721544,15.15753046,0.3400373027857091,4.396411996666713,0.19694551717500003,0.020078174454999997,1.1642935707055917,1.0244378825901674,1.0494729752858256,Malta,2010,9.89
0.2540278808628169,0.021701426780494693,8.827399439976503,0.06513529834312627,1.032977317589082,43.83718243,0.4243770089,43.13725128,1.6751881990871949,4.098095648127742,0.24293853654,0.054768387842,-0.6642041577820598,-1.0881729419769777,1.1841203516508307,Mauritania,2000,2.1
0.28087126694444353,-0.03806455208053505,9.053760115482987,0.08660460143433701,1.0270892558102187,42.65094382,0.4152603445,42.0894874,1.6292013232750504,4.113533658470775,0.23130342622,0.0703766923,-0.9312465053131197,-1.2531605010893467,1.5704112414905027,Mauritania,2005,2.33
0.24404328143247156,-0.11109240353974814,9.301300639159136,0.047796668911651366,1.0224189076642767,41.64319922,0.4073007542,41.18853827,1.5928002712810772,4.133811785774453,0.1927404171,0.0524787413275,-1.1263006880533826,-1.1594054963280223,1.3442211049156276,Mauritania,2010,2.72
0.18119686119319267,0.03695430770065622,9.502438752667086,-0.07540701354274851,1.0426489252854116,26.29876483,0.2522302972,25.75625767,0.6554453133759337,4.276091428162896,0.14056266246,0.04936754723400001,0.7367799647408507,0.778269365416235,0.6057032051453892,Mauritius,2000,5.5
0.2568484235230708,0.03824192228818157,9.668966966247758,-0.039119147271270076,1.0490425956094793,25.32396552,0.24140073650000002,24.72678054,0.5481214085096876,4.284657140807118,0.13542370222,0.069919013914,0.7943059393510515,0.6091560211114708,0.3710710580563587,Mauritius,2005,6.66
0.14667344896709356,-0.011812801249954319,9.897574302684305,-0.001590323894955898,1.0536647262666845,22.52327112,0.21376127109999998,21.94486179,0.4219944100593749,4.2976752422636615,0.1381116053,0.0420494564925,0.6092798801954463,0.6273819294242141,0.3936080853680496,Mauritius,2010,7.65
0.0971309073851172,-0.06080345919403429,14.193033391545642,0.1381156862997921,1.0463931208559099,35.03760299,0.3348416794,34.25548861,0.9649285034800492,4.3138305710886815,0.11219266405999999,0.060250059628,-0.6233348938041561,0.015801126062033696,0.0002496755848282805,Mexico,2000,6.71
0.10086358540527152,-0.0823418474989176,14.285731897884322,0.07538517325647356,1.0498390338548855,33.0853702,0.3151470762,32.29583705,0.8859964592405543,4.325241135492618,0.1092863248,0.044013424819999994,-0.5701749583351093,-0.06806045812120394,0.004632225959668155,Mexico,2005,7.53
0.12070407791276394,-0.006314473322306391,14.38182684731755,-0.01054516735332567,1.0507985233305572,30.54148658,0.2906502617,29.79984366,0.8355144218468673,4.3343425925461565,0.11811162912499999,0.0387050145575,-0.7899282775740322,-0.015389227997412873,0.00023682833835635621,Mexico,2010,8.09
0.3689623399781061,0.2654392677432418,9.384881249303577,-0.488427935183365,1.0190038491220124,35.10007001,0.3444547343,34.77185627,0.7428892724547593,4.156264948659118,0.15386284326000005,0.06432024627999999,-0.24822481432045074,0.14717006908830255,0.021659029235455745,Mongolia,2000,8.08
0.3687040157311776,0.17776644067245484,9.69893428608476,-0.25300862605238744,1.0285919651366873,29.33969379,0.2852413278,28.92988807,0.8508344563955391,4.191101957426066,0.13391776394,0.116385755176,-0.443020919117087,-0.2051788368913408,0.042098355108083435,Mongolia,2005,8.68
0.5850623510390303,0.3260545554944194,10.012798604290245,-0.0893888281610562,1.036346983463875,27.43847031,0.264761424,26.95353252,1.0053999069459307,4.224647718747209,0.1298182524,0.10805760850999999,-0.6006309166300567,-0.11009560887141949,0.012121043092768582,Mongolia,2010,9.53
0.2749825440674363,0.0030191832990820178,11.835661038449192,0.05197847704629079,1.0668781028480498,34.62928665,0.32458522260000006,33.53405579,0.9885741834591723,4.237897049107718,0.17691997978000001,0.015942467642,-0.11322418869976339,-0.7293197255080058,0.531907262015073,Morocco,2000,2.33
0.2686931503202381,-0.04358285005066542,12.07859352603836,0.054993111764509266,1.0763336727153643,31.90076442,0.2963835958,30.75583523,0.9442171345149943,4.2666986545322185,0.1778204352,0.022023262988,-0.38966146629327547,-1.0124156882369355,1.0249855257882678,Morocco,2005,2.79
0.1628073151998699,-0.007093194485429555,12.31658088121306,0.010431999980481563,1.081259804456922,29.62571279,0.27399254710000004,28.49654388,0.9476924950136866,4.2926354047954005,0.19085741055,0.012689896860000001,-0.4135591894463508,-0.9378361818223133,0.8795367039350551,Morocco,2010,3.23
0.5308685390987116,0.22146221248549258,9.195941302760566,-0.268285637444442,1.086228985927592,46.92829685,0.4320295026,44.98980417,1.7565467134723105,3.900816939187615,0.17657726802000004,0.12928956646400003,-0.9668955938271953,-0.48693738697320343,0.23710801883229127,Mozambique,2000,0.52
0.43104350973117866,0.08173841190608133,9.621776549713301,-0.06823696154458762,1.0743242501847592,47.24609829,0.4397750333,45.55625919,1.7354360008417664,3.9443771393396023,0.17443031511999998,0.08429696844,-0.8375224482238243,-0.2704765349564681,0.07315755596205752,Mozambique,2005,0.67
0.319121654161189,-0.16151891021370957,9.980180454948504,0.010332426162288869,1.0656994626175897,47.23209681,0.4432027834,45.73420906,1.7035655751587986,3.9881449412342156,0.208144004225,0.07337903061500001,-0.7114932129968213,-0.3300193002407417,0.10891273853138883,Mozambique,2010,0.79
0.22385730177548457,-0.000988642537042228,9.352648407694359,0.016818864614059775,1.043996658781588,41.39569548,0.39651176210000005,40.50394444,1.3493710070152927,3.999421705775066,0.22078436168000004,,-0.021422135796365562,0.0947952478914149,0.008986139022794801,Namibia,2000,5.48
0.23831548197291164,-0.04405914113456799,9.554656001471345,0.015829733047641136,1.0569159564050543,40.94281999,0.3873800915,39.80959514,1.2882404206445024,4.073148496245018,0.21656752794,0.064674727922,-0.2919796167674246,0.07460145618921268,0.005565377265551019,Namibia,2005,5.97
0.21464041676088352,0.0007604673635641657,9.768407975234794,-0.029229497908168568,1.0668709500714746,39.71405659,0.37224798919999996,38.43026546,1.2775252650689042,4.1509709578524925,0.249217547625,0.05550859463250001,-0.08929756720121616,0.16476819865193756,0.02714855928700436,Namibia,2010,6.32
0.06862012241496185,0.015190771770070999,13.373975330864674,-0.002466559458265544,1.0684118127068416,19.08453061,0.1786252303,18.46784679,0.5458065926612363,4.361973244243755,0.21742456686000006,0.026233155052,1.5256643691044918,1.3694889975536775,1.8755001144205765,Netherlands,2000,10.6
0.06531646983408135,-0.01558329564303329,13.440343541862417,0.01260998785745867,1.069977401135987,18.94498264,0.1770596521,18.32035837,0.5550338784303112,4.381880282514927,0.2386273373,0.016264738856,1.523286373226582,1.4980453312771393,2.244139814561234,Netherlands,2005,10.66
0.011027468525603323,-0.010532093977416501,13.503615451655856,-0.003096003677221388,1.069816873941992,18.11746506,0.16935108710000002,17.52224746,0.5524472984568101,4.395427297030252,0.262236093125,0.021447672315,1.563892692895867,1.3224454415127895,1.7488619457779568,Netherlands,2010,11.29
0.21857507298261525,0.04490382553576633,11.586374631873706,-0.02872600107672044,1.0946515730582522,23.76140652,0.217068217,22.71524299,0.6678293725756554,4.369120537411622,0.16841809174000003,0.023182662166,1.5767598354151018,1.5113539113854795,2.2841906454601877,New Zealand,2000,11.59
0.053302034824205924,-0.019311844320872074,11.784056835041811,0.015198847124631492,1.094734264866931,22.53992106,0.2058939944,21.54482505,0.7400307664587957,4.384785021923402,0.18736166525999998,0.029706337294000004,1.6164713742724237,1.458124948248119,2.1261283647035794,New Zealand,2005,11.71
0.10540095454262222,0.007774406940116441,11.835986859756572,-0.004301906947144727,1.090760323912787,21.40390155,0.19622919060000002,20.49748951,0.7383595233814932,4.394975965574563,0.19209019322499998,0.022303153492500002,1.6134462559432499,1.3823259839430304,1.9108251258840672,New Zealand,2010,11.69
0.16797992775532666,-0.01111268219345185,9.760035911411673,-0.013330644531348747,1.06608755291785,40.91206445,0.3837589543,39.6306912,1.064227861806279,4.256574710181501,0.08930635876000001,0.06676362977799999,-1.1301493902061583,-0.3885205746583181,0.15094823693282972,Nicaragua,2000,4.89
0.13174587365732893,0.004717159637239066,9.915311610529054,-0.024505533865687375,1.0742986985803897,37.2636079,0.3468644982,35.95856211,0.9452279817687527,4.284402713159912,0.083359923308,0.106758878008,-0.8346657647192571,-0.5450128771228431,0.2970390362297192,Nicaragua,2005,5.55
0.22209802537825452,0.04085217845969247,10.039073071872092,-0.019799465161179305,1.0818687901935904,34.09792943,0.3151762001,32.78882581,0.8598261948930285,4.304775124518212,0.0753396904275,0.06966630622,-1.0658307807305731,-0.7054576430174553,0.49767048609174336,Nicaragua,2010,6.17
0.24692023891668335,0.08965314555330783,9.018340332485801,-0.12461152292431339,1.0540204793696375,49.46072005,0.4692576759,48.18391623,2.0352545167901623,3.951352812053595,0.13912982621999997,0.016365332128,-0.9630049341367236,-0.3826085898600051,0.14638933303466162,Niger,2000,0.54
0.28648478382536346,0.06879283829438232,9.239017034761664,-0.038752092413134286,1.0471330046345912,50.28675173,0.4802327069,49.15097894,2.0233737094101523,4.016990966006309,0.15493228752,0.03955991876,-0.9270738297532667,-0.5818891596944462,0.33859499416990874,Niger,2005,0.69
0.2789633693622373,0.05701973477504563,9.490930559856848,0.02777773066703886,1.041813795690347,50.986923,0.4894053353,49.96334376,2.006299449068097,4.087505579223646,0.1360983514,0.0162501743475,-0.7220404292238567,-0.9045761578644963,0.8182580253768942,Niger,2010,0.83
0.11494534556159741,0.03845929937036163,12.733261163959828,0.07224718167074132,1.0745596588218422,20.7085564,0.1927166745,19.9834999,0.5888971591861462,4.371064328505877,0.20727191170000006,0.020664760086,1.6123690448174588,1.3505848307858355,1.8240793851488037,Norway,2000,11.0
0.047099371974014925,-0.09262237614614044,12.842066550236972,0.10998535348938994,1.0683740717855872,20.26567217,0.189687046,19.61216778,0.6502396795486688,4.387432727087733,0.19437210863999999,0.021032428564000002,1.6821384544076579,1.4709182324501084,2.163600446554151,Norway,2005,12.08
0.07100911299192281,-0.020916011934662082,12.888090388771559,0.012788781805400867,1.0512525718821881,19.28168612,0.1834163039,18.81156263,0.6232610530957788,4.399053114087712,0.21145867527500004,0.016352893985000002,1.6412718991520034,1.4744366722035689,2.1739635003387345,Norway,2010,11.87
0.23480370564047126,0.03843317741055352,10.357101684406496,-0.10261673438182985,1.024238248836954,32.36332084,0.3159745389,31.98326792,0.9935480254195009,4.323573624237615,0.14746617539999998,0.006772278404,-0.39337103945937374,0.40834973034064503,0.1667495022692775,Panama,2000,8.66
0.4200714998314832,0.026344635739643074,10.568013699052454,-0.06490371741361431,1.0252848188246158,30.81320905,0.3005331639,30.43577999,0.9700968664326823,4.3349288273042506,0.12422173526000001,0.041227909854,-0.3141588517721954,0.19382533325969167,0.03756825981323054,Panama,2005,9.14
0.3810035609389748,0.004929568984183952,10.918720921392005,-0.03890012478722348,1.0298258700050922,29.56977673,0.2871337533,29.14362616,0.9575286398903997,4.345659498646396,0.112074162475,0.0477311266775,-0.3161996760210516,0.36184868126691444,0.13093446813460505,Panama,2010,9.37
0.3017474223159504,0.12027219842508385,10.195434176099887,-0.22020049635217306,1.0099823681642905,38.41349529,0.3803382762,38.22601693,1.2016501089562908,4.256819177714691,0.095217434378,0.09064104824800001,-1.250578557517273,-0.7897449436215643,0.6236970759758278,Paraguay,2000,5.58
0.2763133568216434,0.12635722943688132,10.459141708990524,-0.10662880626511255,1.0101612803460083,35.45565288,0.35099002079999997,35.27966727,1.0681530811834012,4.27241862879866,0.09616938164000001,0.074547917412,-1.1930496554502419,-0.7016558404642043,0.49232091845752884,Paraguay,2005,6.67
0.2282848778369977,0.04204412782268507,10.703117441210347,0.012359928410114816,1.0086637477541305,32.84155295,0.32559465950000005,32.7025801,0.9755968377715626,4.284419520130411,0.11491383825,0.048162268529999996,-1.1003582161933683,-0.28614013402968985,0.08187617630252887,Paraguay,2010,7.11
0.23295399898443714,0.06582883296087605,12.002536102502543,-0.1641584610306661,1.0348788138845948,34.94412987,0.3376639796,34.35496265,1.0376584459977696,4.267636244469643,0.11421563834000001,0.023698845714,-0.9293550417437355,-0.6462165173244138,0.41759578726289437,Peru,2000,7.55
0.39569516796801163,0.10545906166453323,12.211949017784756,-0.10040571763475649,1.044105458923098,32.3750042,0.3100740823,31.69076446,0.963403299188348,4.2900760064686265,0.10930691081999999,0.028241307832000004,-0.9040380953837981,-0.2941124218697084,0.08650211669806532,Peru,2005,8.53
0.22104966291949757,-0.031067108289909995,12.545341637226258,-0.00014502851612685616,1.0484715938650666,30.05706705,0.2866750728,29.36174828,0.9217756621047247,4.3034780719206145,0.108144797625,0.028423102005000003,-0.8019364997842879,-0.08624195539856566,0.007437674870968189,Peru,2010,8.04
0.25150452098810283,0.06139692615485881,12.721857079051167,-0.1542590867030714,1.0324181408130235,39.09202431,0.37864526750000005,38.48275446,1.309305319591755,4.203495762189312,0.10532532501999999,0.038327533456,-0.6159928762034971,-0.011666908880098276,0.000136116762816516,Philippines,2000,7.59
0.2723016532117766,0.10672634628999034,12.946203523389869,-0.09467319132457014,1.0373375924539248,37.75086844,0.36392075939999996,37.07500885,1.2100940313308723,4.211778196281892,0.092394362462,0.054763127116,-0.5733319909683108,-0.2871093211776446,0.08243176230708787,Philippines,2005,7.97
0.25893579845229375,0.10675973974975728,13.187031108943877,0.00673322885216225,1.040243220024258,34.56364419,0.3322650273,33.90144299,1.128332890117191,4.218818533045657,0.1027661596225,0.03651729745000001,-0.7916679057468188,-0.24425016306721745,0.059658142158362314,Philippines,2010,8.37
0.16480643668089456,0.1011904194887363,13.212640115212386,-0.18765729294971384,1.114577561851908,20.6495357,0.1852678217,19.55732345,0.24373018492259832,4.309160855052535,0.18509141772,0.04363140555199999,0.4695685882552792,0.8763638280424831,0.768013559101275,Poland,2000,10.21
0.25910859204269676,0.07041250056210435,13.365195039654049,-0.0912654987659589,1.1223652303937568,17.60035137,0.1568148308,16.61053484,0.27914574142949444,4.321803989981941,0.18438948832,0.027570821032,0.250588611993217,0.7281463310149158,0.5301970793704833,Poland,2005,10.73
0.11597923191929382,0.012848678878962128,13.595599043612042,-0.023221410039760068,1.1259534673975382,16.15040481,0.1434375867,15.2172555,0.29266961396282004,4.33953594680351,0.18306584125,0.028892313705000002,0.43595576604469494,0.8881251756508767,0.7887663276249005,Poland,2010,11.3
0.04405429541700734,0.0006169881332354077,12.433637408866918,0.01938797859619029,1.125502714436696,17.01132435,0.1511442321,16.02976577,0.3784364357202452,4.3440271268077915,0.1976735632,0.032851683958000005,0.9790603446562517,1.1735266569166138,1.377164814493884,Portugal,2000,6.36
0.031064633317773982,-0.016553304405332092,12.476748904079455,0.020004776470501688,1.12444127222256,16.36257181,0.1455173535,15.42754812,0.31626952930369356,4.361985686313493,0.20530254497999997,0.019194260506,0.9983064583965104,1.2465699010823506,1.5539365182844613,Portugal,2005,6.39
-0.06002548652026052,-0.010470394738458344,12.507340797079292,0.0033129351650649317,1.1390549648384607,15.97229344,0.1402240799,14.95597063,0.268116916956941,4.383877055744582,0.19543325079999999,0.0202583477775,0.8064036139993971,0.9613254742154445,0.9241466673755492,Portugal,2010,7.08
0.48017872208113577,-0.1585361286534992,11.256587412607672,0.35058942708531715,0.5696833557754495,20.37774723,0.3577030472,25.72961181,1.0937337412170023,4.340024319865241,0.16696987538,0.024851142532,0.26424427293558894,-0.9427102953959895,0.8887027010455938,Qatar,2000,7.02
1.2891261786710535,-0.14841969134279986,11.648750251255946,0.17797722717778577,0.5242448848551262,16.77541012,0.31999187030000004,21.71187807,0.8462973600536202,4.347783372009581,0.13445242876,0.08919046933399999,0.35460112619837586,-0.8275759949377538,0.6848820273972132,Qatar,2005,7.7
0.35265323082633326,-0.1342701592217953,12.476920414635046,0.017315758187187273,0.3308463799007148,8.787829386,0.26561661000000003,13.08417937,0.7013633353312857,4.358308390999091,0.12956788017499998,0.011223223115,0.6031862980381526,-1.2676259926673903,1.6068756572859866,Qatar,2010,9.56
0.3229635042951391,0.3505495648000938,12.318298392913986,-0.33002841848346126,1.097972657228868,19.41594755,0.176834527,18.53100271,0.25928259793008296,4.2661616341770925,0.16558173566,0.25964482074,-0.44627503901759585,0.23784091152614775,0.056568299195588846,Romania,2000,9.52
0.1546017865046292,0.03734482943057538,12.598172692099528,-0.02951682383265012,1.107308490743342,16.74939474,0.15126222620000002,15.91738199,0.4094571293777017,4.2835417971897405,0.16676276088000003,0.067690826476,-0.3632091144570162,0.1568803884765809,0.024611456288562934,Romania,2005,9.92
0.08220263248990456,0.07500241708679889,12.74192820303614,0.007147576109929544,1.1169202600954768,16.67627621,0.1493058798,15.77814701,0.4037970510074674,4.308595028483123,0.149757955475,0.0480028833025,-0.19501929166836632,0.2513412235358221,0.0631724106484841,Romania,2010,10.46
0.34653912699820344,0.25034869020118045,14.499872952534663,-0.34478741852337785,1.1909392955923035,19.94522627,0.1674747516,18.24393237,0.24184753610798157,4.178512333586475,0.16873557722,0.16513376424,-1.3357442406170337,-0.6209903962191,0.38562907219635484,Russian Federation,2000,10.88
0.19011359235893677,0.10817530673563991,14.797410643679955,-0.12136495394814381,1.2080605601325625,16.71194127,0.1383369495,15.17312449,0.3448654859792347,4.207864866817765,0.18034884320000003,0.11426910983400002,-1.1456206460508604,-0.9744339727586642,0.949521567266233,Russian Federation,2005,11.22
0.0996031993966704,0.025304821306120884,14.971459402011593,-0.018650159062882393,1.2147137912571662,16.45003382,0.1354231255,14.89079139,0.49271256833906363,4.245799975472335,0.188327972475,0.06779034524500001,-1.002551150874113,-1.1380631823999532,1.295187807134309,Russian Federation,2010,11.59
0.47533913832008,0.21637227726925534,8.771990058141222,-0.33177014340885236,1.0384828700058901,45.14686098,0.43473861999999996,44.2899893,1.6943671232194055,3.9251941280377856,0.18899919061999998,0.05787076145,-1.4608863030173413,-1.905749042228149,3.631879411953507,Rwanda,2000,1.9
0.4901796425652889,0.13005717745710887,9.160877945789268,-0.1358972576488297,1.030446983118172,42.37630264,0.4112419497,41.73614992,1.5881734171293758,4.056523564958652,0.15656770646000004,0.105633509336,-1.1350042987220277,-1.5536772770694585,2.413913081281967,Rwanda,2005,2.48
0.3137969184278102,0.018004955374787635,9.559774623959262,-0.013629026685127553,1.0381770116600522,42.56193282,0.409967976,41.7630915,1.4662024443473476,4.134171427605558,0.136882232425,0.0462137802075,-0.5713728864959595,-1.5988943906193727,2.556463272354095,Rwanda,2010,3.32
0.21722907763661303,-0.005877172026640953,13.725012450297038,0.1555549322602779,0.8588088361942152,35.53796755,0.4138053319,38.19839058,1.3145297948905799,4.28827181782524,0.25296867537999995,-0.0021819254719999998,-0.39223015838610364,-1.9440287456448406,3.7792477638934523,Saudi Arabia,2000,5.29
0.14126822582365905,-0.16226857551673857,13.921589478007864,0.14966042169034394,0.8169383603250002,30.78885733,0.37688103320000005,33.84825615,1.1752028908298222,4.295352296216747,0.20786573834000002,0.044021607898,-0.24081273409911577,-1.9184107632312937,3.6802998564816747,Saudi Arabia,2005,6.43
0.23249250854298453,-0.04869409961718241,14.053729600860974,-0.027397304022842534,0.8024923011636705,26.8855203,0.3350252739,29.78681729,1.0390391971332085,4.303220554113837,0.20502767297500002,0.043897385955,-0.08896891181174374,-2.083641821410157,4.341563239929436,Saudi Arabia,2010,7.17
0.25578715866297097,0.058447536687565194,9.834059702352516,0.021897327956535834,1.0517444946730856,45.95131247,0.43690566200000003,44.80321431,1.6724127115954888,4.071907154787194,0.13024552133999998,0.01303014201,-0.2087526156387364,-0.04595758241809164,0.002112099381715686,Senegal,2000,1.23
0.18954614150269244,-0.047717088037161126,10.061822296375372,0.07870057449252213,1.0591771748200314,44.93432852,0.4242380745,43.65499847,1.6323337899110049,4.123974638266649,0.13774705226,0.026386006628000003,-0.2162080909640495,-0.21941382163050427,0.04814242512250274,Senegal,2005,1.04
0.14847727111416975,-0.05197060060845915,10.23539413705452,0.029807462585134382,1.0654155180014224,44.64188914,0.4190091883,43.24288459,1.6125829615781733,4.174031202742021,0.153183553025,0.0168797869725,-0.6387879880913858,-0.48470710941969325,0.23494098192199447,Senegal,2010,1.78
0.8189752761414564,0.5717457074000076,8.164306403631024,-0.47417520136636243,1.0091869616027065,44.76639923,0.4435887594,44.56009326,1.8166146702262314,3.705081753343289,0.12802197802,0.039511584286000004,-1.6237385441262804,-1.6623566297394736,2.7634295644387814,Sierra Leone,2000,1.53
0.2902112637552019,0.075536455803906,8.76257971106884,-0.021988284184965817,1.0117217156952785,44.65712717,0.4413973376,44.394923,1.7250497037556722,3.8173490329410207,0.09756700178800001,0.013324008637999998,-1.3455400366719237,-0.8458686028260929,0.7154936932469664,Sierra Leone,2005,1.81
0.5686864439488033,0.21935331118249035,9.01738568638639,0.050831281576066284,1.0148725880991532,44.28192632,0.43632990820000006,43.95347685,1.6083373069900675,3.8988156836557226,0.0980659617925,0.08882512315,-1.1700958211709147,-0.3691365397919403,0.1362617850095667,Sierra Leone,2010,2.16
0.269354687615617,0.10327857700885335,12.052131162569726,-0.08125279820451252,1.0701180632713576,22.18358085,0.2073003121,21.45624891,0.32353172534547825,4.365091355992769,0.11306901666000002,0.008275555024,1.0518293965993124,-0.11893772462322182,0.014146182338549345,Singapore,2000,8.28
0.3848727898421398,-0.01837216281726206,12.290639813915814,0.017033473196182407,1.0718749229273439,19.81360034,0.18484992900000002,19.14439901,0.23586232372198446,4.388517717017116,0.101659085296,0.021326757180000003,1.466894530610417,-0.13807528607017514,0.0190647846233607,Singapore,2005,7.77
0.18061743066019753,-0.05789298364492479,12.616248100847356,-0.001509553803242094,1.0725966850082878,17.95619995,0.167408684,17.34052625,0.1885521065445907,4.405275612004621,0.09760046279000001,0.0374001477775,1.371817130304389,-0.42289666898445205,0.1788415926381452,Singapore,2010,10.12
0.19313482428691708,0.10777020145986116,10.619487048255452,-0.09532398389960098,1.1021633670279303,16.59284196,0.15054793560000002,15.80569062,0.20375683751401963,4.334001421759622,0.18711168575999998,0.06787840898400001,0.7900193413601679,0.9099243000052747,0.8279622317400891,Slovenia,2000,11.38
0.08950243501563104,-0.02444326300019628,10.79607119779961,0.007025183510802921,1.1026818737058106,14.72211504,0.1335118985,14.02047107,0.33789978861239844,4.3618145943281155,0.18499458335999996,0.030117895354,0.6596788139036883,0.8859546283985986,0.784915603580899,Slovenia,2005,11.58
-0.001691251362391788,-0.002970723747060533,10.881792308184167,-0.01772177513148973,1.0808543824270402,14.60235866,0.1351001476,14.05033719,0.4478858239921165,4.381523459321143,0.201671767325,0.020025485375000002,0.7585329127299327,0.8997324622651859,0.8095185036537741,Slovenia,2010,12.08
0.20687927912548698,0.029213998986273415,12.962577034518128,-0.0023809381851222,1.0508212538627624,34.45809786,0.3279158823,33.6094059,1.0160274636616913,3.9824680123226055,0.18788328798000004,0.054898507044000004,-0.040297893011681886,0.5294613359987833,0.2803293063176165,South Africa,2000,6.97
0.1648548639868328,0.0023790396284861792,13.150614954336918,0.026414464961150297,1.0533554735299637,32.50327975,0.3085689548,31.66492512,0.9700210542951229,3.95611905682126,0.18793627582,0.067611590836,-0.11236917998504563,0.4130357854626288,0.17059856007273075,South Africa,2005,8.02
0.09482075952457092,-0.09123489446829502,13.303211453325002,0.028790679155186023,1.0526819787737693,31.22544065,0.29662748369999997,30.43006794,0.9406906186976902,4.01872854299832,0.20230654695,0.05165751341,-0.10269900463444549,0.43007398926329965,0.18496363624084877,South Africa,2010,9.27
0.18143636057222534,-0.03346446105364287,13.995440298311086,0.06827215836896736,1.1003390942982674,15.46879204,0.14058204529999999,14.7505785,0.23269776411902143,4.375487005158797,0.16768918842,0.032335727050000006,1.1872320797006617,1.0883904348484508,1.1845937386695997,Spain,2000,8.55
0.05414861418258421,-0.027945696417373322,14.162171251257012,0.034234948126241185,1.0874338121890985,14.90502688,0.1370660606,14.29769456,0.3220834991691134,4.393256031282485,0.18319205993999998,0.026919567584000003,0.8922129542958708,0.9276838919397795,0.8605974033645365,Spain,2005,9.91
-0.03916228298126767,-0.004895016677894937,14.214904691609823,0.005891339927351955,1.0828700964078581,15.20114155,0.1403782559,14.61298824,0.28141245943818566,4.411607636547653,0.2011311273,0.0221264355475,0.9378367207196582,0.9774586017540641,0.95542531814301,Spain,2010,10.1
0.21762011229432776,0.06591536465671655,11.521719651508423,-0.3140676858930074,1.0442347838712085,27.33341019,0.261755408,26.75307522,0.8145680357642845,4.283578218653411,0.11656615616,0.087552654162,-0.0903226223276698,-0.45719459509790417,0.20902689778673653,Sri Lanka,2000,9.43
0.36250779406537936,0.2267758197701666,11.718617877478831,-0.25023375855768815,1.0621611027809126,26.37258904,0.24829179839999999,25.59005433,0.8180161626058148,4.306255244179733,0.15503423596,0.127062879902,-0.07478409738718567,-0.49999205433900573,0.24999205440213926,Sri Lanka,2005,9.63
0.32549931867192394,0.16358302766861543,12.027944845432689,-0.04584431549546776,1.0756650585753975,26.38358748,0.24527697790000003,25.43080617,0.767790723555711,4.310627560501316,0.0810350708775,0.068472193975,-0.3635514147991986,-0.7344778646292256,0.539457733630307,Sri Lanka,2010,9.6
0.13684311377349312,0.1683647417326526,8.83048347273314,-0.13381310658788953,1.0867977589063234,46.38032967,0.42676136649999996,44.4587119,1.3977287387455537,3.8472708158971094,0.15117775138,0.081811392432,-0.8392948964731156,-1.79628770179005,3.22664950760218,Swaziland,2000,3.92
0.13593816348754495,0.0009605274394033358,8.958738695371999,0.021792007949940493,1.0776800104450917,43.77176919,0.4061666614,42.14353728,1.3217558399823195,3.84636349196806,0.18715303538,0.076520852424,-1.1197065966857584,-1.8741858487689718,3.512572595725871,Swaziland,2005,3.0
0.11713349462701905,-0.03542720410937705,9.086197580639702,0.022752074378048694,1.0713994144756043,40.8769623,0.3815286974,39.47397956,1.2236283619843773,3.885656993500771,0.19173115775,0.062934109305,-0.7680214772030605,-1.5969803207778974,2.550346144951876,Swaziland,2010,3.86
0.13849315101119242,0.09304265553598223,12.660011994893509,-0.091247475873503,1.0769019107131852,19.11217956,0.1774737269,18.42229588,0.497132296633988,4.381721710139121,0.25087220928000004,0.015802020608,1.5815526158749973,1.4003716309435055,1.9610407047513736,Sweden,2000,11.46
0.08181218811849589,-0.004216926069127269,12.789717585596625,-0.00228224133265679,1.0706429712200551,18.00340912,0.16815511430000002,17.4045759,0.6259384308664951,4.3935755422212175,0.24852871684,0.01393628587,1.5681305612341558,1.4110456065665449,1.9910497038107486,Sweden,2005,12.29
0.060578196679039964,0.004747730298555686,12.868355172505723,-0.006508083709622716,1.063877665939825,17.02084808,0.15998877150000002,16.50792616,0.6523251860396901,4.403404718020035,0.256522040075,0.012408058255000002,1.6986999297347012,1.419367445561905,2.0146039455209275,Sweden,2010,12.0
0.07708218970894287,0.014342002862310688,12.847945281526789,-0.02009455398262872,1.106895665283815,18.356023,0.16583336240000002,17.44941226,0.347835995271528,4.38669256153715,0.11315964732,0.009232728212,1.7277927454635609,1.2319475142172505,1.5176946777860625,Switzerland,2000,9.4
0.11629375370261053,0.012531834339760017,12.922200990353787,-0.005854424750763081,1.10200952189095,17.09559705,0.1551311192,16.28770356,0.3784364357202452,4.403065943165529,0.10691436902000001,0.009818885602000001,1.67139409497658,1.4131424226318337,1.996971506641768,Switzerland,2005,10.27
0.0675009388450507,0.00415234085222238,13.032215039840187,0.006599536076745894,1.094405308724002,15.74066966,0.14382852070000002,15.05137085,0.41871033485818504,4.4141204049355,0.108884479775,4.9980102499999834e-05,1.5020042215593175,1.4637339530401015,2.142517085282402,Switzerland,2010,12.97
0.5875251405939854,0.5652876406711951,9.291849071635097,-0.8246947206076497,1.0295433697245542,43.14226886,0.4190427536,42.52435369,1.3076298699362081,4.1676571310169015,0.091207378588,,-1.6275638118066196,-1.712497553852004,2.932647871949097,Tajikistan,2000,10.66
0.36762602197531513,0.42018812129169825,9.754025359889045,-0.3766251175479054,1.031065810235145,38.70361089,0.37537478700000004,38.12446602,1.2507037068135425,4.2072315849807955,0.11280932694200001,0.11434135812800002,-1.3082695824061652,-1.6301217019723955,2.6572967632413795,Tajikistan,2005,10.75
0.26247433588145874,0.275116297068593,10.067101765966404,-0.02583577492652142,1.0366198771669324,36.37582572,0.3509080476,35.73844847,1.2509756579212723,4.234187360277626,0.11341781024749999,0.0742298164925,-1.444007540037825,-1.708198736494617,2.9179429233618057,Tajikistan,2010,10.83
0.30550510357583116,0.12025676151387543,13.241708747535933,-0.12666411671840855,1.0715883141592388,24.82343195,0.23165082730000003,23.98415922,0.482796451044488,4.264992007892822,0.13252439438,0.016959372466000003,0.33696747424315665,0.23625701795437895,0.055817378532695736,Thailand,2000,4.47
0.20140565233422358,0.032881981215520995,13.508298765973604,-0.013106206333806571,1.0832090798193208,22.15795887,0.2045584669,21.29297199,0.4434029474485566,4.288286149067261,0.14280773582,0.03208431582600001,-0.18070104941429094,-0.3842372720532949,0.14763828123495776,Thailand,2005,6.13
0.12221006275126367,0.01945267639675441,13.691791014186059,0.019246728695532442,1.0977544530292518,20.10987775,0.18319103779999998,19.19672047,0.4296697968049818,4.303746073944558,0.16173578617499998,0.0306559237325,-0.44618940918826083,-0.7245843968727284,0.5250225481914155,Thailand,2010,7.1
0.0608411332032508,-0.08770229592581091,8.733194264654543,0.06928563822658698,1.0163851794907708,43.74856994,0.43043297780000006,43.39299291,1.671435708661919,3.9842277669334782,0.099061637994,0.016606149395999997,-0.9414076097874953,-1.4420306328249715,2.0794523460055876,Togo,2000,2.4
0.16689526555519785,0.016200791427618766,8.792256379996338,-0.022503274041959728,1.0140425126792423,42.90262648,0.4230850871,42.60367451,1.6214850533447673,4.01641431010071,,0.043966957747999996,-1.2968994664558908,-1.582790926375452,2.5052271166164615,Togo,2005,2.63
0.23797422476713215,0.05921397558929464,8.946602982533944,-0.006432315053886024,1.0125753822742356,42.79027496,0.4225885372,42.52338015,1.5607202456366704,4.06430863704801,0.117564680425,0.0245099662925,-1.1587667221133704,-1.2043909701881672,1.4505576090707948,Togo,2010,2.85
0.4752681816776927,0.24506375256435087,10.042272540455347,-0.355227871453337,1.0385607471210947,26.06186698,0.2509421529,25.57524385,0.5593871903804212,4.230074988423983,0.12811096078,0.041534878405999995,0.21058932398862434,0.34008287204995624,0.11565635986174691,Trinidad and Tobago,2000,9.07
0.17118064432381108,0.14537862384580502,10.431112331806796,-0.13604113596869682,1.0451313172246959,22.33042477,0.21366142610000002,21.84421104,0.5813213653776885,4.238117467254472,0.1142427086,0.08422379895000001,-0.23090376805919197,0.37475812229293576,0.14044365022452698,Trinidad and Tobago,2005,9.74
0.05062466865433124,0.041574734842731775,10.589124669532278,-0.00030587777583755856,1.049073470607698,21.22480898,0.20231956650000002,20.7233642,0.5873699114057767,4.2493326091096835,0.1255425671,0.07528788322,-0.4110934527344178,0.3472800840821731,0.12060345680012122,Trinidad and Tobago,2010,10.33
0.2393372349318934,0.06812399201662389,11.214443617656515,-0.06169863742727524,1.037427803038087,30.07397872,0.2898898471,29.53334178,0.7216374509595728,4.289918031653813,0.16918583184,0.028023093308000006,-0.45713514277759343,-1.1132481116244521,1.2393213580354085,Tunisia,2000,3.69
0.2450838526649457,0.0268372664709029,11.429020366425705,0.004205193765789693,1.0565014819129948,26.19174959,0.2479102021,25.48866704,0.7098076214530527,4.305033641766301,0.16497123339999997,0.03674071341,-0.23897999074879633,-1.292987915575736,1.6718177498248865,Tunisia,2005,4.59
0.0678774082040432,-0.06841799760800127,11.648223245612472,0.030688656919173614,1.0648648227058792,24.07731546,0.2261067785,23.3379615,0.7853844620263561,4.3073885032365204,0.17805515525,0.04724240008750001,-0.18161596834468977,-1.6925144451917153,2.86460514718262,Tunisia,2010,5.7
0.24936816495798464,0.09658004150307864,13.627418282556139,-0.061672263714117354,1.062338186117528,31.54279985,0.2969186297,30.60339812,0.8768844014950625,4.263359069211325,0.12560572648,0.38032058824000003,-0.25383435070228777,-0.5608930341121371,0.31460099571551897,Turkey,2000,4.36
0.17001055769429851,-0.046419772221243605,13.850056238044706,0.030524019764347276,1.0694564345521265,29.57543018,0.2765463765,28.59997921,0.7967862153194312,4.292533333256327,0.13658967600000002,0.09037386592800001,-0.06776948355120545,-0.27911978436893964,0.07790785402616336,Turkey,2005,4.99
0.19117119934441695,-0.021969909991619185,14.007069010483997,-0.017007697414074385,1.075421580748587,27.89630413,0.2593987756,26.90188054,0.756825957223128,4.3107849658557384,0.142579837025,0.0785574603675,-0.13300992571696998,-0.2923322293916406,0.08545813234108679,Turkey,2010,5.69
0.4467400984898018,0.4502429054810304,12.587884158374136,-0.5078757339722947,1.2096519280412492,18.86571872,0.1559598946,17.11798799,0.13295622724862557,4.221911556814137,0.19205442738,0.110294144612,-1.3469505179703898,-0.8996023988225016,0.8092844759671992,Ukraine,2000,10.32
0.051385346757257144,0.09459182859578474,12.957196975854878,-0.1361446705484908,1.218415113856102,16.1803656,0.1327984643,14.62521147,0.3073376301102223,4.224489536340142,0.18505289986,0.15318513622199997,-0.9984472448782623,-0.5837715822477486,0.3407892602400399,Ukraine,2005,11.01
-0.015624532158780902,0.006738238510448635,13.007305648274205,-0.04576313604529019,1.2332072341753644,15.7278231,0.12753592960000001,14.12641559,0.39524640791383253,4.259782347620659,0.19204538217500003,0.044044991135,-1.044964004748453,-0.29147343951380555,0.08495676594200806,Ukraine,2010,11.29
0.14885482430246366,0.0697284910717959,14.430162067946464,-0.04840502524494993,1.105749429089408,20.0175912,0.18103189270000003,19.03593651,0.5128236264286637,4.359450530679417,0.17971146774,0.011969747821999999,1.4479552425065514,1.1370932706669286,1.2929811061960128,United Kingdom,2000,9.78
0.019775953496922405,-0.02897164664950902,14.568927709224086,0.018999844367860678,1.0963382595843596,18.82357374,0.1716949452,17.97927784,0.6141039732194925,4.3754992802214,0.20122497778,0.024967924556000002,1.33004936228086,1.2611339115885398,1.590458742958611,United Kingdom,2005,10.84
0.08502309630604521,0.01460155588660994,14.588510658958528,-0.01039976659428207,1.085903538249566,18.25698132,0.16812710039999998,17.5222132,0.6392188385343897,4.392173154913079,0.20805138525,0.0328655259125,1.5090242943226302,1.1535675911836474,1.3307181874292426,United Kingdom,2010,12.15
0.009167631448189217,-0.001197755053105043,10.623824035872241,-0.15783172573797855,1.1125779950138779,25.91493534,0.23292690900000002,24.56184353,0.7913622280569003,4.318624833092435,0.12037998476000002,0.10326594642800001,0.34628701199590617,0.7859510780685383,0.6177190971170975,Uruguay,2000,7.73
0.335806956362942,0.1710456515148353,10.632949899666809,-0.15903019867295556,1.1165174642691933,25.13451704,0.2251153058,23.77757838,0.7542422799197561,4.330027314477176,0.11771557126,0.068345027986,0.24100995057223723,0.665591227361522,0.44301168194061724,Uruguay,2005,8.05
0.18193827423329179,0.05787358213728755,10.922485470600723,-0.001133129749096246,1.1198655224523113,23.82448089,0.2127441234,22.50410812,0.720519127355796,4.338794153409215,0.130506547175,0.07860765729,0.49059905345257243,1.002701959570768,1.0054112197270582,Uruguay,2010,8.28
-0.19691850945813383,-0.31101627463856385,9.656184251275652,-0.08237477900593425,1.0432107511416144,43.68498824,0.4187551575,42.76482294,1.3888411153864666,3.7141924571491822,0.19759689185999998,1.97342750536,-1.577903756168716,-1.3993067369042058,1.9580593439454963,Zimbabwe,2000,5.11
0.5383737127633552,0.4698169683821607,9.436885163708782,-0.45491240791893484,1.0574301055153352,43.02827723,0.4069136769,41.83175899,1.3870440800104367,3.7940374371034062,0.074515715514,,-2.029069320708672,-2.0663015696899754,4.269602176903256,Zimbabwe,2005,6.08
0.33346316950794086,0.2148154544733416,9.86761099146791,-0.06977452618511844,1.0611118058394535,42.78784291,0.4032359519,41.52355793,1.3862943611198906,3.962958949383636,0.21939204394999998,0.029664614135,-2.053507892718357,-1.7545840005516493,3.07856501499183,Zimbabwe,2010,6.69
